111,aaa,Para,m,900
111,aaa,metacin,m,800
222,bbb,Crocin,f,600
222,bbb,Para,f,999
333,ccc,calpol,f,500
444,ddd,hcq,m,500
111,aaa,hcq,m,600
555,eee,cetzine,m,700
333,ccc,Para,m,444
111,aaa,Para,m,500
111,aaa,metacin,m,800
222,bbb,Crocin,f,600
222,bbb,Para,f,999
333,ccc,calpol,f,500
444,ddd,hcq,m,500
111,aaa,hcq,m,600
555,eee,cetzine,m,700
333,ccc,Para,m,444
111,aaa,Para,m,500
111,aaa,metacin,m,800
222,bbb,Crocin,f,600
222,bbb,Para,f,999
333,ccc,calpol,f,500
444,ddd,hcq,m,500
111,aaa,hcq,m,600
555,eee,cetzine,m,700
333,ccc,Para,m,444
